alternative_id;nazwa;ensemble_score;year
A;ROLNICTWO, LEŚNICTWO I RYBACTWO;0.6985110461622062;2013
M;DZIAŁALNOŚĆ ZWIĄZANA Z OBSŁUGĄ RYNKU NIERUCHOMOŚCI;0.5815461808467214;2013
E;"DOSTAWA WODY; GOSPODAROWANIE ŚCIEKAMI I ODPADAMI ORAZ DZIAŁALNOŚĆ ZWIĄZANA Z REKULTYWACJĄ";0.5560981317388184;2013
D;WYTWARZANIE I ZAOPATRYWANIE W ENERGIĘ ELEKTRYCZNĄ, GAZ, PARĘ WODNĄ I POWIETRZE DO UKŁADÓW KLIMATYZACYJNYCH;0.5103183553982015;2013
U;GOSPODARSTWA DOMOWE ZATRUDNIAJĄCE PRACOWNIKÓW ORAZ GOSPODARSTWA DOMOWE PRODUKUJĄCE WYROBY I ŚWIADCZĄCE USŁUGI NA WŁASNE POTRZEBY;0.4893934594753821;2013
V;ORGANIZACJE I ZESPOŁY EKSTERYTORIALNE;0.4867217159743896;2013
P;"ADMINISTRACJA PUBLICZNA I OBRONA NARODOWA; OBOWIĄZKOWE UBEZPIECZENIA SPOŁECZNE";0.4863240692179451;2013
H;TRANSPORT I GOSPODARKA MAGAZYNOWA;0.4730519902908133;2013
N;DZIAŁALNOŚĆ PROFESJONALNA, NAUKOWA I TECHNICZNA;0.4709098607411173;2013
R;OPIEKA ZDROWOTNA I POMOC SPOŁECZNA;0.4642748595099871;2013
L;DZIAŁALNOŚĆ FINANSOWA I UBEZPIECZENIOWA;0.4512433443892027;2013
J;DZIAŁALNOŚĆ WYDAWNICZA I NADAWCZA ORAZ ZWIĄZANA Z PRODUKCJĄ I DYSTRYBUCJĄ TREŚCI;0.4501816688183705;2013
T;POZOSTAŁA DZIAŁALNOŚĆ USŁUGOWA;0.4356101385305387;2013
F;BUDOWNICTWO;0.4350288628723447;2013
C;PRZETWÓRSTWO PRZEMYSŁOWE;0.4213163691562552;2013
S;DZIAŁALNOŚĆ ZWIĄZANA Z KULTURĄ, SPORTEM I REKREACJĄ;0.4149903036937344;2013
I;DZIAŁALNOŚĆ ZWIĄZANA Z ZAKWATEROWANIEM I USŁUGAMI GASTRONOMICZNYMI;0.369672339819589;2013
Q;EDUKACJA;0.3474424507102247;2013
O;DZIAŁALNOŚĆ W ZAKRESIE USŁUG ADMINISTROWANIA I DZIAŁALNOŚĆ WSPIERAJĄCA;0.3429751991826225;2013
G;HANDEL HURTOWY I DETALICZNY;0.3303171454340656;2013
B;GÓRNICTWO I WYDOBYWANIE;0.2875589241731875;2013
A;ROLNICTWO, LEŚNICTWO I RYBACTWO;0.7095033215410773;2014
N;DZIAŁALNOŚĆ PROFESJONALNA, NAUKOWA I TECHNICZNA;0.5571394727941203;2014
T;POZOSTAŁA DZIAŁALNOŚĆ USŁUGOWA;0.5547167306949421;2014
M;DZIAŁALNOŚĆ ZWIĄZANA Z OBSŁUGĄ RYNKU NIERUCHOMOŚCI;0.5318305992786767;2014
Q;EDUKACJA;0.5303628426246532;2014
D;WYTWARZANIE I ZAOPATRYWANIE W ENERGIĘ ELEKTRYCZNĄ, GAZ, PARĘ WODNĄ I POWIETRZE DO UKŁADÓW KLIMATYZACYJNYCH;0.520921212026108;2014
J;DZIAŁALNOŚĆ WYDAWNICZA I NADAWCZA ORAZ ZWIĄZANA Z PRODUKCJĄ I DYSTRYBUCJĄ TREŚCI;0.5096809497286456;2014
E;"DOSTAWA WODY; GOSPODAROWANIE ŚCIEKAMI I ODPADAMI ORAZ DZIAŁALNOŚĆ ZWIĄZANA Z REKULTYWACJĄ";0.503769466521377;2014
H;TRANSPORT I GOSPODARKA MAGAZYNOWA;0.4843957823748075;2014
L;DZIAŁALNOŚĆ FINANSOWA I UBEZPIECZENIOWA;0.4808390900971475;2014
F;BUDOWNICTWO;0.4550260683805764;2014
O;DZIAŁALNOŚĆ W ZAKRESIE USŁUG ADMINISTROWANIA I DZIAŁALNOŚĆ WSPIERAJĄCA;0.4326822466925973;2014
I;DZIAŁALNOŚĆ ZWIĄZANA Z ZAKWATEROWANIEM I USŁUGAMI GASTRONOMICZNYMI;0.4293318239232689;2014
P;"ADMINISTRACJA PUBLICZNA I OBRONA NARODOWA; OBOWIĄZKOWE UBEZPIECZENIA SPOŁECZNE";0.4274826647967708;2014
V;ORGANIZACJE I ZESPOŁY EKSTERYTORIALNE;0.4252529209531245;2014
U;GOSPODARSTWA DOMOWE ZATRUDNIAJĄCE PRACOWNIKÓW ORAZ GOSPODARSTWA DOMOWE PRODUKUJĄCE WYROBY I ŚWIADCZĄCE USŁUGI NA WŁASNE POTRZEBY;0.4248150171288158;2014
S;DZIAŁALNOŚĆ ZWIĄZANA Z KULTURĄ, SPORTEM I REKREACJĄ;0.4233287000578555;2014
C;PRZETWÓRSTWO PRZEMYSŁOWE;0.4196282060204589;2014
R;OPIEKA ZDROWOTNA I POMOC SPOŁECZNA;0.3785370548915603;2014
G;HANDEL HURTOWY I DETALICZNY;0.3575196010205597;2014
B;GÓRNICTWO I WYDOBYWANIE;0.2028107188850507;2014
A;ROLNICTWO, LEŚNICTWO I RYBACTWO;0.714632397555526;2015
E;"DOSTAWA WODY; GOSPODAROWANIE ŚCIEKAMI I ODPADAMI ORAZ DZIAŁALNOŚĆ ZWIĄZANA Z REKULTYWACJĄ";0.6179987756014168;2015
S;DZIAŁALNOŚĆ ZWIĄZANA Z KULTURĄ, SPORTEM I REKREACJĄ;0.5816489824423581;2015
T;POZOSTAŁA DZIAŁALNOŚĆ USŁUGOWA;0.5737577940528986;2015
L;DZIAŁALNOŚĆ FINANSOWA I UBEZPIECZENIOWA;0.5616449026796964;2015
H;TRANSPORT I GOSPODARKA MAGAZYNOWA;0.5595708313625851;2015
R;OPIEKA ZDROWOTNA I POMOC SPOŁECZNA;0.5272174880528916;2015
F;BUDOWNICTWO;0.5204034683502223;2015
M;DZIAŁALNOŚĆ ZWIĄZANA Z OBSŁUGĄ RYNKU NIERUCHOMOŚCI;0.5104618549718398;2015
N;DZIAŁALNOŚĆ PROFESJONALNA, NAUKOWA I TECHNICZNA;0.4971827703569911;2015
I;DZIAŁALNOŚĆ ZWIĄZANA Z ZAKWATEROWANIEM I USŁUGAMI GASTRONOMICZNYMI;0.4762922146480167;2015
Q;EDUKACJA;0.4636493688578418;2015
J;DZIAŁALNOŚĆ WYDAWNICZA I NADAWCZA ORAZ ZWIĄZANA Z PRODUKCJĄ I DYSTRYBUCJĄ TREŚCI;0.4422192642969833;2015
C;PRZETWÓRSTWO PRZEMYSŁOWE;0.4417520402986783;2015
U;GOSPODARSTWA DOMOWE ZATRUDNIAJĄCE PRACOWNIKÓW ORAZ GOSPODARSTWA DOMOWE PRODUKUJĄCE WYROBY I ŚWIADCZĄCE USŁUGI NA WŁASNE POTRZEBY;0.4360135628261662;2015
V;ORGANIZACJE I ZESPOŁY EKSTERYTORIALNE;0.4359166090202336;2015
P;"ADMINISTRACJA PUBLICZNA I OBRONA NARODOWA; OBOWIĄZKOWE UBEZPIECZENIA SPOŁECZNE";0.4352968514186107;2015
G;HANDEL HURTOWY I DETALICZNY;0.3695660330287352;2015
O;DZIAŁALNOŚĆ W ZAKRESIE USŁUG ADMINISTROWANIA I DZIAŁALNOŚĆ WSPIERAJĄCA;0.3600199748995336;2015
D;WYTWARZANIE I ZAOPATRYWANIE W ENERGIĘ ELEKTRYCZNĄ, GAZ, PARĘ WODNĄ I POWIETRZE DO UKŁADÓW KLIMATYZACYJNYCH;0.330800946925496;2015
B;GÓRNICTWO I WYDOBYWANIE;0.1168292771731542;2015
A;ROLNICTWO, LEŚNICTWO I RYBACTWO;0.6367429388710838;2016
E;"DOSTAWA WODY; GOSPODAROWANIE ŚCIEKAMI I ODPADAMI ORAZ DZIAŁALNOŚĆ ZWIĄZANA Z REKULTYWACJĄ";0.5996354671202144;2016
H;TRANSPORT I GOSPODARKA MAGAZYNOWA;0.4797728032496828;2016
T;POZOSTAŁA DZIAŁALNOŚĆ USŁUGOWA;0.4767365815898909;2016
D;WYTWARZANIE I ZAOPATRYWANIE W ENERGIĘ ELEKTRYCZNĄ, GAZ, PARĘ WODNĄ I POWIETRZE DO UKŁADÓW KLIMATYZACYJNYCH;0.4763693528119627;2016
J;DZIAŁALNOŚĆ WYDAWNICZA I NADAWCZA ORAZ ZWIĄZANA Z PRODUKCJĄ I DYSTRYBUCJĄ TREŚCI;0.4668670167354072;2016
N;DZIAŁALNOŚĆ PROFESJONALNA, NAUKOWA I TECHNICZNA;0.4486795669290881;2016
L;DZIAŁALNOŚĆ FINANSOWA I UBEZPIECZENIOWA;0.4451632564070719;2016
I;DZIAŁALNOŚĆ ZWIĄZANA Z ZAKWATEROWANIEM I USŁUGAMI GASTRONOMICZNYMI;0.4317798860698357;2016
C;PRZETWÓRSTWO PRZEMYSŁOWE;0.4070398027694367;2016
S;DZIAŁALNOŚĆ ZWIĄZANA Z KULTURĄ, SPORTEM I REKREACJĄ;0.4057783458207619;2016
M;DZIAŁALNOŚĆ ZWIĄZANA Z OBSŁUGĄ RYNKU NIERUCHOMOŚCI;0.3964691211882016;2016
F;BUDOWNICTWO;0.3955078958845545;2016
P;"ADMINISTRACJA PUBLICZNA I OBRONA NARODOWA; OBOWIĄZKOWE UBEZPIECZENIA SPOŁECZNE";0.3942512893645955;2016
V;ORGANIZACJE I ZESPOŁY EKSTERYTORIALNE;0.3916454023836425;2016
U;GOSPODARSTWA DOMOWE ZATRUDNIAJĄCE PRACOWNIKÓW ORAZ GOSPODARSTWA DOMOWE PRODUKUJĄCE WYROBY I ŚWIADCZĄCE USŁUGI NA WŁASNE POTRZEBY;0.390578648926335;2016
B;GÓRNICTWO I WYDOBYWANIE;0.3705510990189991;2016
R;OPIEKA ZDROWOTNA I POMOC SPOŁECZNA;0.3586641054803511;2016
G;HANDEL HURTOWY I DETALICZNY;0.3204932334173369;2016
O;DZIAŁALNOŚĆ W ZAKRESIE USŁUG ADMINISTROWANIA I DZIAŁALNOŚĆ WSPIERAJĄCA;0.2921932042194927;2016
Q;EDUKACJA;0.1996926370268477;2016
B;GÓRNICTWO I WYDOBYWANIE;0.6102078829161713;2017
S;DZIAŁALNOŚĆ ZWIĄZANA Z KULTURĄ, SPORTEM I REKREACJĄ;0.5900700834504542;2017
A;ROLNICTWO, LEŚNICTWO I RYBACTWO;0.5506314542788672;2017
N;DZIAŁALNOŚĆ PROFESJONALNA, NAUKOWA I TECHNICZNA;0.5165632811711892;2017
E;"DOSTAWA WODY; GOSPODAROWANIE ŚCIEKAMI I ODPADAMI ORAZ DZIAŁALNOŚĆ ZWIĄZANA Z REKULTYWACJĄ";0.4825133148823058;2017
I;DZIAŁALNOŚĆ ZWIĄZANA Z ZAKWATEROWANIEM I USŁUGAMI GASTRONOMICZNYMI;0.4663974715510854;2017
Q;EDUKACJA;0.4514972363401046;2017
J;DZIAŁALNOŚĆ WYDAWNICZA I NADAWCZA ORAZ ZWIĄZANA Z PRODUKCJĄ I DYSTRYBUCJĄ TREŚCI;0.4116101216349074;2017
H;TRANSPORT I GOSPODARKA MAGAZYNOWA;0.4065214774710505;2017
M;DZIAŁALNOŚĆ ZWIĄZANA Z OBSŁUGĄ RYNKU NIERUCHOMOŚCI;0.4049915737211774;2017
U;GOSPODARSTWA DOMOWE ZATRUDNIAJĄCE PRACOWNIKÓW ORAZ GOSPODARSTWA DOMOWE PRODUKUJĄCE WYROBY I ŚWIADCZĄCE USŁUGI NA WŁASNE POTRZEBY;0.3955363235119398;2017
V;ORGANIZACJE I ZESPOŁY EKSTERYTORIALNE;0.3945480199205873;2017
P;"ADMINISTRACJA PUBLICZNA I OBRONA NARODOWA; OBOWIĄZKOWE UBEZPIECZENIA SPOŁECZNE";0.391836476905413;2017
T;POZOSTAŁA DZIAŁALNOŚĆ USŁUGOWA;0.3887113745642699;2017
L;DZIAŁALNOŚĆ FINANSOWA I UBEZPIECZENIOWA;0.3837206838744132;2017
D;WYTWARZANIE I ZAOPATRYWANIE W ENERGIĘ ELEKTRYCZNĄ, GAZ, PARĘ WODNĄ I POWIETRZE DO UKŁADÓW KLIMATYZACYJNYCH;0.35785963216267;2017
C;PRZETWÓRSTWO PRZEMYSŁOWE;0.3416230800597145;2017
F;BUDOWNICTWO;0.3330858649426462;2017
R;OPIEKA ZDROWOTNA I POMOC SPOŁECZNA;0.3172070388608939;2017
G;HANDEL HURTOWY I DETALICZNY;0.2594841911887678;2017
O;DZIAŁALNOŚĆ W ZAKRESIE USŁUG ADMINISTROWANIA I DZIAŁALNOŚĆ WSPIERAJĄCA;0.1185450426868576;2017
Q;EDUKACJA;0.7536346947379777;2018
T;POZOSTAŁA DZIAŁALNOŚĆ USŁUGOWA;0.6064161231586035;2018
J;DZIAŁALNOŚĆ WYDAWNICZA I NADAWCZA ORAZ ZWIĄZANA Z PRODUKCJĄ I DYSTRYBUCJĄ TREŚCI;0.4926675078187391;2018
M;DZIAŁALNOŚĆ ZWIĄZANA Z OBSŁUGĄ RYNKU NIERUCHOMOŚCI;0.4912426799816273;2018
F;BUDOWNICTWO;0.4889270717551119;2018
E;"DOSTAWA WODY; GOSPODAROWANIE ŚCIEKAMI I ODPADAMI ORAZ DZIAŁALNOŚĆ ZWIĄZANA Z REKULTYWACJĄ";0.4872055351152649;2018
H;TRANSPORT I GOSPODARKA MAGAZYNOWA;0.4691425571454913;2018
V;ORGANIZACJE I ZESPOŁY EKSTERYTORIALNE;0.4633505451073182;2018
U;GOSPODARSTWA DOMOWE ZATRUDNIAJĄCE PRACOWNIKÓW ORAZ GOSPODARSTWA DOMOWE PRODUKUJĄCE WYROBY I ŚWIADCZĄCE USŁUGI NA WŁASNE POTRZEBY;0.4609453811609091;2018
P;"ADMINISTRACJA PUBLICZNA I OBRONA NARODOWA; OBOWIĄZKOWE UBEZPIECZENIA SPOŁECZNE";0.4606820280842443;2018
A;ROLNICTWO, LEŚNICTWO I RYBACTWO;0.4589508507880195;2018
L;DZIAŁALNOŚĆ FINANSOWA I UBEZPIECZENIOWA;0.4295370457527779;2018
I;DZIAŁALNOŚĆ ZWIĄZANA Z ZAKWATEROWANIEM I USŁUGAMI GASTRONOMICZNYMI;0.4100321441192326;2018
C;PRZETWÓRSTWO PRZEMYSŁOWE;0.3945027056994681;2018
N;DZIAŁALNOŚĆ PROFESJONALNA, NAUKOWA I TECHNICZNA;0.3928163901609275;2018
B;GÓRNICTWO I WYDOBYWANIE;0.3237272570230453;2018
G;HANDEL HURTOWY I DETALICZNY;0.2901736304268787;2018
O;DZIAŁALNOŚĆ W ZAKRESIE USŁUG ADMINISTROWANIA I DZIAŁALNOŚĆ WSPIERAJĄCA;0.2871488637724104;2018
R;OPIEKA ZDROWOTNA I POMOC SPOŁECZNA;0.2728238326711594;2018
S;DZIAŁALNOŚĆ ZWIĄZANA Z KULTURĄ, SPORTEM I REKREACJĄ;0.2640950218794488;2018
D;WYTWARZANIE I ZAOPATRYWANIE W ENERGIĘ ELEKTRYCZNĄ, GAZ, PARĘ WODNĄ I POWIETRZE DO UKŁADÓW KLIMATYZACYJNYCH;0.2037311249704126;2018
I;DZIAŁALNOŚĆ ZWIĄZANA Z ZAKWATEROWANIEM I USŁUGAMI GASTRONOMICZNYMI;0.7543051918622992;2019
J;DZIAŁALNOŚĆ WYDAWNICZA I NADAWCZA ORAZ ZWIĄZANA Z PRODUKCJĄ I DYSTRYBUCJĄ TREŚCI;0.6651716894288648;2019
Q;EDUKACJA;0.6577066327896661;2019
A;ROLNICTWO, LEŚNICTWO I RYBACTWO;0.62669466258366;2019
E;"DOSTAWA WODY; GOSPODAROWANIE ŚCIEKAMI I ODPADAMI ORAZ DZIAŁALNOŚĆ ZWIĄZANA Z REKULTYWACJĄ";0.6022250616998244;2019
N;DZIAŁALNOŚĆ PROFESJONALNA, NAUKOWA I TECHNICZNA;0.5846793204802084;2019
F;BUDOWNICTWO;0.5784198268211872;2019
H;TRANSPORT I GOSPODARKA MAGAZYNOWA;0.5486568164023762;2019
T;POZOSTAŁA DZIAŁALNOŚĆ USŁUGOWA;0.5324101154636477;2019
R;OPIEKA ZDROWOTNA I POMOC SPOŁECZNA;0.5097051489016748;2019
V;ORGANIZACJE I ZESPOŁY EKSTERYTORIALNE;0.5083258203222649;2019
P;"ADMINISTRACJA PUBLICZNA I OBRONA NARODOWA; OBOWIĄZKOWE UBEZPIECZENIA SPOŁECZNE";0.5061821702504941;2019
U;GOSPODARSTWA DOMOWE ZATRUDNIAJĄCE PRACOWNIKÓW ORAZ GOSPODARSTWA DOMOWE PRODUKUJĄCE WYROBY I ŚWIADCZĄCE USŁUGI NA WŁASNE POTRZEBY;0.505887976974692;2019
L;DZIAŁALNOŚĆ FINANSOWA I UBEZPIECZENIOWA;0.4788238523969744;2019
C;PRZETWÓRSTWO PRZEMYSŁOWE;0.4704911589635425;2019
M;DZIAŁALNOŚĆ ZWIĄZANA Z OBSŁUGĄ RYNKU NIERUCHOMOŚCI;0.4682240643505068;2019
G;HANDEL HURTOWY I DETALICZNY;0.403578000847823;2019
S;DZIAŁALNOŚĆ ZWIĄZANA Z KULTURĄ, SPORTEM I REKREACJĄ;0.3965521580982729;2019
O;DZIAŁALNOŚĆ W ZAKRESIE USŁUG ADMINISTROWANIA I DZIAŁALNOŚĆ WSPIERAJĄCA;0.3818905389906475;2019
D;WYTWARZANIE I ZAOPATRYWANIE W ENERGIĘ ELEKTRYCZNĄ, GAZ, PARĘ WODNĄ I POWIETRZE DO UKŁADÓW KLIMATYZACYJNYCH;0.2743526324289929;2019
B;GÓRNICTWO I WYDOBYWANIE;0.0922365774605674;2019
E;"DOSTAWA WODY; GOSPODAROWANIE ŚCIEKAMI I ODPADAMI ORAZ DZIAŁALNOŚĆ ZWIĄZANA Z REKULTYWACJĄ";0.6799788739653727;2020
N;DZIAŁALNOŚĆ PROFESJONALNA, NAUKOWA I TECHNICZNA;0.6666097677418994;2020
Q;EDUKACJA;0.659725479970958;2020
J;DZIAŁALNOŚĆ WYDAWNICZA I NADAWCZA ORAZ ZWIĄZANA Z PRODUKCJĄ I DYSTRYBUCJĄ TREŚCI;0.6476313611368111;2020
A;ROLNICTWO, LEŚNICTWO I RYBACTWO;0.6405256966695951;2020
H;TRANSPORT I GOSPODARKA MAGAZYNOWA;0.607846464538017;2020
F;BUDOWNICTWO;0.5934653686230494;2020
R;OPIEKA ZDROWOTNA I POMOC SPOŁECZNA;0.5875697406349508;2020
V;ORGANIZACJE I ZESPOŁY EKSTERYTORIALNE;0.5602141457311333;2020
D;WYTWARZANIE I ZAOPATRYWANIE W ENERGIĘ ELEKTRYCZNĄ, GAZ, PARĘ WODNĄ I POWIETRZE DO UKŁADÓW KLIMATYZACYJNYCH;0.5585200017020193;2020
P;"ADMINISTRACJA PUBLICZNA I OBRONA NARODOWA; OBOWIĄZKOWE UBEZPIECZENIA SPOŁECZNE";0.5559921973973135;2020
M;DZIAŁALNOŚĆ ZWIĄZANA Z OBSŁUGĄ RYNKU NIERUCHOMOŚCI;0.5526050714397259;2020
U;GOSPODARSTWA DOMOWE ZATRUDNIAJĄCE PRACOWNIKÓW ORAZ GOSPODARSTWA DOMOWE PRODUKUJĄCE WYROBY I ŚWIADCZĄCE USŁUGI NA WŁASNE POTRZEBY;0.5521782942552873;2020
C;PRZETWÓRSTWO PRZEMYSŁOWE;0.5183886105050971;2020
G;HANDEL HURTOWY I DETALICZNY;0.5039901120222456;2020
T;POZOSTAŁA DZIAŁALNOŚĆ USŁUGOWA;0.4976131714563453;2020
L;DZIAŁALNOŚĆ FINANSOWA I UBEZPIECZENIOWA;0.497160779625815;2020
S;DZIAŁALNOŚĆ ZWIĄZANA Z KULTURĄ, SPORTEM I REKREACJĄ;0.4103968442810923;2020
O;DZIAŁALNOŚĆ W ZAKRESIE USŁUG ADMINISTROWANIA I DZIAŁALNOŚĆ WSPIERAJĄCA;0.3657897186176683;2020
I;DZIAŁALNOŚĆ ZWIĄZANA Z ZAKWATEROWANIEM I USŁUGAMI GASTRONOMICZNYMI;0.3132245575673246;2020
B;GÓRNICTWO I WYDOBYWANIE;0.2559287578338362;2020
Q;EDUKACJA;0.6410675972914119;2021
J;DZIAŁALNOŚĆ WYDAWNICZA I NADAWCZA ORAZ ZWIĄZANA Z PRODUKCJĄ I DYSTRYBUCJĄ TREŚCI;0.6402980169046664;2021
N;DZIAŁALNOŚĆ PROFESJONALNA, NAUKOWA I TECHNICZNA;0.6005986515716232;2021
E;"DOSTAWA WODY; GOSPODAROWANIE ŚCIEKAMI I ODPADAMI ORAZ DZIAŁALNOŚĆ ZWIĄZANA Z REKULTYWACJĄ";0.560539749984178;2021
T;POZOSTAŁA DZIAŁALNOŚĆ USŁUGOWA;0.4746934449092007;2021
F;BUDOWNICTWO;0.4364881568733204;2021
A;ROLNICTWO, LEŚNICTWO I RYBACTWO;0.4330139346077215;2021
L;DZIAŁALNOŚĆ FINANSOWA I UBEZPIECZENIOWA;0.4169826310544461;2021
R;OPIEKA ZDROWOTNA I POMOC SPOŁECZNA;0.3973022040902221;2021
M;DZIAŁALNOŚĆ ZWIĄZANA Z OBSŁUGĄ RYNKU NIERUCHOMOŚCI;0.3883894027186306;2021
U;GOSPODARSTWA DOMOWE ZATRUDNIAJĄCE PRACOWNIKÓW ORAZ GOSPODARSTWA DOMOWE PRODUKUJĄCE WYROBY I ŚWIADCZĄCE USŁUGI NA WŁASNE POTRZEBY;0.3589224210809504;2021
B;GÓRNICTWO I WYDOBYWANIE;0.3581505452718894;2021
V;ORGANIZACJE I ZESPOŁY EKSTERYTORIALNE;0.3573272487680056;2021
P;"ADMINISTRACJA PUBLICZNA I OBRONA NARODOWA; OBOWIĄZKOWE UBEZPIECZENIA SPOŁECZNE";0.3563134432775001;2021
I;DZIAŁALNOŚĆ ZWIĄZANA Z ZAKWATEROWANIEM I USŁUGAMI GASTRONOMICZNYMI;0.3545938154047198;2021
H;TRANSPORT I GOSPODARKA MAGAZYNOWA;0.3535826362778136;2021
C;PRZETWÓRSTWO PRZEMYSŁOWE;0.3496100157720705;2021
G;HANDEL HURTOWY I DETALICZNY;0.3448753780773368;2021
D;WYTWARZANIE I ZAOPATRYWANIE W ENERGIĘ ELEKTRYCZNĄ, GAZ, PARĘ WODNĄ I POWIETRZE DO UKŁADÓW KLIMATYZACYJNYCH;0.2629820989207058;2021
O;DZIAŁALNOŚĆ W ZAKRESIE USŁUG ADMINISTROWANIA I DZIAŁALNOŚĆ WSPIERAJĄCA;0.2367259894361428;2021
S;DZIAŁALNOŚĆ ZWIĄZANA Z KULTURĄ, SPORTEM I REKREACJĄ;0.2008504545058502;2021
Q;EDUKACJA;0.6149865613241695;2022
A;ROLNICTWO, LEŚNICTWO I RYBACTWO;0.5482482930171005;2022
B;GÓRNICTWO I WYDOBYWANIE;0.5468275823676436;2022
N;DZIAŁALNOŚĆ PROFESJONALNA, NAUKOWA I TECHNICZNA;0.490301609746113;2022
T;POZOSTAŁA DZIAŁALNOŚĆ USŁUGOWA;0.4749593874249204;2022
I;DZIAŁALNOŚĆ ZWIĄZANA Z ZAKWATEROWANIEM I USŁUGAMI GASTRONOMICZNYMI;0.438279345148213;2022
L;DZIAŁALNOŚĆ FINANSOWA I UBEZPIECZENIOWA;0.4288386901012797;2022
E;"DOSTAWA WODY; GOSPODAROWANIE ŚCIEKAMI I ODPADAMI ORAZ DZIAŁALNOŚĆ ZWIĄZANA Z REKULTYWACJĄ";0.369541887266946;2022
H;TRANSPORT I GOSPODARKA MAGAZYNOWA;0.3328480244201766;2022
F;BUDOWNICTWO;0.3281750897689358;2022
J;DZIAŁALNOŚĆ WYDAWNICZA I NADAWCZA ORAZ ZWIĄZANA Z PRODUKCJĄ I DYSTRYBUCJĄ TREŚCI;0.2908363763497389;2022
S;DZIAŁALNOŚĆ ZWIĄZANA Z KULTURĄ, SPORTEM I REKREACJĄ;0.2861015844702416;2022
C;PRZETWÓRSTWO PRZEMYSŁOWE;0.2580931989845225;2022
V;ORGANIZACJE I ZESPOŁY EKSTERYTORIALNE;0.2283874881680417;2022
U;GOSPODARSTWA DOMOWE ZATRUDNIAJĄCE PRACOWNIKÓW ORAZ GOSPODARSTWA DOMOWE PRODUKUJĄCE WYROBY I ŚWIADCZĄCE USŁUGI NA WŁASNE POTRZEBY;0.2279315953813143;2022
P;"ADMINISTRACJA PUBLICZNA I OBRONA NARODOWA; OBOWIĄZKOWE UBEZPIECZENIA SPOŁECZNE";0.2259641969681741;2022
M;DZIAŁALNOŚĆ ZWIĄZANA Z OBSŁUGĄ RYNKU NIERUCHOMOŚCI;0.2244706291347522;2022
O;DZIAŁALNOŚĆ W ZAKRESIE USŁUG ADMINISTROWANIA I DZIAŁALNOŚĆ WSPIERAJĄCA;0.2103673674435188;2022
R;OPIEKA ZDROWOTNA I POMOC SPOŁECZNA;0.1952621072141824;2022
G;HANDEL HURTOWY I DETALICZNY;0.1763061650447115;2022
D;WYTWARZANIE I ZAOPATRYWANIE W ENERGIĘ ELEKTRYCZNĄ, GAZ, PARĘ WODNĄ I POWIETRZE DO UKŁADÓW KLIMATYZACYJNYCH;0.1556359260376056;2022
Q;EDUKACJA;0.7366927150804494;2023
A;ROLNICTWO, LEŚNICTWO I RYBACTWO;0.6525874848108849;2023
T;POZOSTAŁA DZIAŁALNOŚĆ USŁUGOWA;0.5870107688992979;2023
F;BUDOWNICTWO;0.547852383535527;2023
J;DZIAŁALNOŚĆ WYDAWNICZA I NADAWCZA ORAZ ZWIĄZANA Z PRODUKCJĄ I DYSTRYBUCJĄ TREŚCI;0.4994358137924358;2023
N;DZIAŁALNOŚĆ PROFESJONALNA, NAUKOWA I TECHNICZNA;0.4928370676965062;2023
R;OPIEKA ZDROWOTNA I POMOC SPOŁECZNA;0.4928175975493911;2023
I;DZIAŁALNOŚĆ ZWIĄZANA Z ZAKWATEROWANIEM I USŁUGAMI GASTRONOMICZNYMI;0.4615887852188936;2023
H;TRANSPORT I GOSPODARKA MAGAZYNOWA;0.4603886702891432;2023
E;"DOSTAWA WODY; GOSPODAROWANIE ŚCIEKAMI I ODPADAMI ORAZ DZIAŁALNOŚĆ ZWIĄZANA Z REKULTYWACJĄ";0.4266766448347132;2023
L;DZIAŁALNOŚĆ FINANSOWA I UBEZPIECZENIOWA;0.4114531716929163;2023
V;ORGANIZACJE I ZESPOŁY EKSTERYTORIALNE;0.4036125378360136;2023
P;"ADMINISTRACJA PUBLICZNA I OBRONA NARODOWA; OBOWIĄZKOWE UBEZPIECZENIA SPOŁECZNE";0.4029659617858228;2023
U;GOSPODARSTWA DOMOWE ZATRUDNIAJĄCE PRACOWNIKÓW ORAZ GOSPODARSTWA DOMOWE PRODUKUJĄCE WYROBY I ŚWIADCZĄCE USŁUGI NA WŁASNE POTRZEBY;0.4023192601958995;2023
O;DZIAŁALNOŚĆ W ZAKRESIE USŁUG ADMINISTROWANIA I DZIAŁALNOŚĆ WSPIERAJĄCA;0.4022611474818998;2023
S;DZIAŁALNOŚĆ ZWIĄZANA Z KULTURĄ, SPORTEM I REKREACJĄ;0.3733482150630599;2023
C;PRZETWÓRSTWO PRZEMYSŁOWE;0.3422590432021871;2023
B;GÓRNICTWO I WYDOBYWANIE;0.320181876771322;2023
G;HANDEL HURTOWY I DETALICZNY;0.3017733351449723;2023
M;DZIAŁALNOŚĆ ZWIĄZANA Z OBSŁUGĄ RYNKU NIERUCHOMOŚCI;0.2930686562918277;2023
D;WYTWARZANIE I ZAOPATRYWANIE W ENERGIĘ ELEKTRYCZNĄ, GAZ, PARĘ WODNĄ I POWIETRZE DO UKŁADÓW KLIMATYZACYJNYCH;0.1780945225348152;2023
Q;EDUKACJA;0.7460262118250993;2024
A;ROLNICTWO, LEŚNICTWO I RYBACTWO;0.7417088896892975;2024
T;POZOSTAŁA DZIAŁALNOŚĆ USŁUGOWA;0.6495931623478071;2024
E;"DOSTAWA WODY; GOSPODAROWANIE ŚCIEKAMI I ODPADAMI ORAZ DZIAŁALNOŚĆ ZWIĄZANA Z REKULTYWACJĄ";0.6316692593134431;2024
J;DZIAŁALNOŚĆ WYDAWNICZA I NADAWCZA ORAZ ZWIĄZANA Z PRODUKCJĄ I DYSTRYBUCJĄ TREŚCI;0.6249466699800892;2024
L;DZIAŁALNOŚĆ FINANSOWA I UBEZPIECZENIOWA;0.5828124429067112;2024
R;OPIEKA ZDROWOTNA I POMOC SPOŁECZNA;0.5769987066638972;2024
F;BUDOWNICTWO;0.5579325306778224;2024
H;TRANSPORT I GOSPODARKA MAGAZYNOWA;0.5432863988171686;2024
I;DZIAŁALNOŚĆ ZWIĄZANA Z ZAKWATEROWANIEM I USŁUGAMI GASTRONOMICZNYMI;0.5172011528215369;2024
P;"ADMINISTRACJA PUBLICZNA I OBRONA NARODOWA; OBOWIĄZKOWE UBEZPIECZENIA SPOŁECZNE";0.5011300247738455;2024
U;GOSPODARSTWA DOMOWE ZATRUDNIAJĄCE PRACOWNIKÓW ORAZ GOSPODARSTWA DOMOWE PRODUKUJĄCE WYROBY I ŚWIADCZĄCE USŁUGI NA WŁASNE POTRZEBY;0.500199892531086;2024
V;ORGANIZACJE I ZESPOŁY EKSTERYTORIALNE;0.4979932007138801;2024
M;DZIAŁALNOŚĆ ZWIĄZANA Z OBSŁUGĄ RYNKU NIERUCHOMOŚCI;0.4944266729740293;2024
N;DZIAŁALNOŚĆ PROFESJONALNA, NAUKOWA I TECHNICZNA;0.4933127707624611;2024
S;DZIAŁALNOŚĆ ZWIĄZANA Z KULTURĄ, SPORTEM I REKREACJĄ;0.4745268395927172;2024
O;DZIAŁALNOŚĆ W ZAKRESIE USŁUG ADMINISTROWANIA I DZIAŁALNOŚĆ WSPIERAJĄCA;0.4715123115274069;2024
C;PRZETWÓRSTWO PRZEMYSŁOWE;0.4203373468393369;2024
D;WYTWARZANIE I ZAOPATRYWANIE W ENERGIĘ ELEKTRYCZNĄ, GAZ, PARĘ WODNĄ I POWIETRZE DO UKŁADÓW KLIMATYZACYJNYCH;0.416371367305275;2024
G;HANDEL HURTOWY I DETALICZNY;0.3785011451448029;2024
B;GÓRNICTWO I WYDOBYWANIE;0.1828737181378207;2024
Q;EDUKACJA;0.6890523475183052;2025
A;ROLNICTWO, LEŚNICTWO I RYBACTWO;0.683462090214466;2025
N;DZIAŁALNOŚĆ PROFESJONALNA, NAUKOWA I TECHNICZNA;0.5425666386267842;2025
T;POZOSTAŁA DZIAŁALNOŚĆ USŁUGOWA;0.5166710620881951;2025
L;DZIAŁALNOŚĆ FINANSOWA I UBEZPIECZENIOWA;0.4640520237165285;2025
J;DZIAŁALNOŚĆ WYDAWNICZA I NADAWCZA ORAZ ZWIĄZANA Z PRODUKCJĄ I DYSTRYBUCJĄ TREŚCI;0.4560088938661933;2025
E;"DOSTAWA WODY; GOSPODAROWANIE ŚCIEKAMI I ODPADAMI ORAZ DZIAŁALNOŚĆ ZWIĄZANA Z REKULTYWACJĄ";0.4420305133924713;2025
F;BUDOWNICTWO;0.434132119357453;2025
I;DZIAŁALNOŚĆ ZWIĄZANA Z ZAKWATEROWANIEM I USŁUGAMI GASTRONOMICZNYMI;0.3527852586607302;2025
H;TRANSPORT I GOSPODARKA MAGAZYNOWA;0.336642784176858;2025
R;OPIEKA ZDROWOTNA I POMOC SPOŁECZNA;0.3136248837095555;2025
M;DZIAŁALNOŚĆ ZWIĄZANA Z OBSŁUGĄ RYNKU NIERUCHOMOŚCI;0.294752202903852;2025
P;"ADMINISTRACJA PUBLICZNA I OBRONA NARODOWA; OBOWIĄZKOWE UBEZPIECZENIA SPOŁECZNE";0.280737875664748;2025
V;ORGANIZACJE I ZESPOŁY EKSTERYTORIALNE;0.2806818886736448;2025
U;GOSPODARSTWA DOMOWE ZATRUDNIAJĄCE PRACOWNIKÓW ORAZ GOSPODARSTWA DOMOWE PRODUKUJĄCE WYROBY I ŚWIADCZĄCE USŁUGI NA WŁASNE POTRZEBY;0.2806069059533593;2025
C;PRZETWÓRSTWO PRZEMYSŁOWE;0.2646261350378501;2025
O;DZIAŁALNOŚĆ W ZAKRESIE USŁUG ADMINISTROWANIA I DZIAŁALNOŚĆ WSPIERAJĄCA;0.2303956424040112;2025
G;HANDEL HURTOWY I DETALICZNY;0.1964521781250678;2025
S;DZIAŁALNOŚĆ ZWIĄZANA Z KULTURĄ, SPORTEM I REKREACJĄ;0.1795227151371091;2025
D;WYTWARZANIE I ZAOPATRYWANIE W ENERGIĘ ELEKTRYCZNĄ, GAZ, PARĘ WODNĄ I POWIETRZE DO UKŁADÓW KLIMATYZACYJNYCH;0.1217219370376758;2025
B;GÓRNICTWO I WYDOBYWANIE;0.105631381776086;2025
Q;EDUKACJA;0.8360542481107152;2026
A;ROLNICTWO, LEŚNICTWO I RYBACTWO;0.8326937080829027;2026
T;POZOSTAŁA DZIAŁALNOŚĆ USŁUGOWA;0.7032387633000264;2026
J;DZIAŁALNOŚĆ WYDAWNICZA I NADAWCZA ORAZ ZWIĄZANA Z PRODUKCJĄ I DYSTRYBUCJĄ TREŚCI;0.6904278295368692;2026
F;BUDOWNICTWO;0.6825358584225671;2026
E;"DOSTAWA WODY; GOSPODAROWANIE ŚCIEKAMI I ODPADAMI ORAZ DZIAŁALNOŚĆ ZWIĄZANA Z REKULTYWACJĄ";0.6524930320612016;2026
R;OPIEKA ZDROWOTNA I POMOC SPOŁECZNA;0.6241082090391439;2026
L;DZIAŁALNOŚĆ FINANSOWA I UBEZPIECZENIOWA;0.6140172291771923;2026
H;TRANSPORT I GOSPODARKA MAGAZYNOWA;0.6108831676872329;2026
V;ORGANIZACJE I ZESPOŁY EKSTERYTORIALNE;0.6079180772713593;2026
U;GOSPODARSTWA DOMOWE ZATRUDNIAJĄCE PRACOWNIKÓW ORAZ GOSPODARSTWA DOMOWE PRODUKUJĄCE WYROBY I ŚWIADCZĄCE USŁUGI NA WŁASNE POTRZEBY;0.6079023020566181;2026
P;"ADMINISTRACJA PUBLICZNA I OBRONA NARODOWA; OBOWIĄZKOWE UBEZPIECZENIA SPOŁECZNE";0.6078938809410963;2026
I;DZIAŁALNOŚĆ ZWIĄZANA Z ZAKWATEROWANIEM I USŁUGAMI GASTRONOMICZNYMI;0.5729072006310596;2026
O;DZIAŁALNOŚĆ W ZAKRESIE USŁUG ADMINISTROWANIA I DZIAŁALNOŚĆ WSPIERAJĄCA;0.5601773361866897;2026
C;PRZETWÓRSTWO PRZEMYSŁOWE;0.5469216960928391;2026
M;DZIAŁALNOŚĆ ZWIĄZANA Z OBSŁUGĄ RYNKU NIERUCHOMOŚCI;0.5354559697245569;2026
G;HANDEL HURTOWY I DETALICZNY;0.5146185813235482;2026
S;DZIAŁALNOŚĆ ZWIĄZANA Z KULTURĄ, SPORTEM I REKREACJĄ;0.5109438982268629;2026
D;WYTWARZANIE I ZAOPATRYWANIE W ENERGIĘ ELEKTRYCZNĄ, GAZ, PARĘ WODNĄ I POWIETRZE DO UKŁADÓW KLIMATYZACYJNYCH;0.4895333307955138;2026
N;DZIAŁALNOŚĆ PROFESJONALNA, NAUKOWA I TECHNICZNA;0.4268494683622674;2026
B;GÓRNICTWO I WYDOBYWANIE;0.3354974479827848;2026
A;ROLNICTWO, LEŚNICTWO I RYBACTWO;0.7635685223354682;2027
Q;EDUKACJA;0.701129403591913;2027
E;"DOSTAWA WODY; GOSPODAROWANIE ŚCIEKAMI I ODPADAMI ORAZ DZIAŁALNOŚĆ ZWIĄZANA Z REKULTYWACJĄ";0.6787539303710082;2027
J;DZIAŁALNOŚĆ WYDAWNICZA I NADAWCZA ORAZ ZWIĄZANA Z PRODUKCJĄ I DYSTRYBUCJĄ TREŚCI;0.673435685332754;2027
L;DZIAŁALNOŚĆ FINANSOWA I UBEZPIECZENIOWA;0.6538097101436966;2027
F;BUDOWNICTWO;0.6392851308691366;2027
T;POZOSTAŁA DZIAŁALNOŚĆ USŁUGOWA;0.6254505320273498;2027
R;OPIEKA ZDROWOTNA I POMOC SPOŁECZNA;0.6223807666207661;2027
U;GOSPODARSTWA DOMOWE ZATRUDNIAJĄCE PRACOWNIKÓW ORAZ GOSPODARSTWA DOMOWE PRODUKUJĄCE WYROBY I ŚWIADCZĄCE USŁUGI NA WŁASNE POTRZEBY;0.619482718360784;2027
V;ORGANIZACJE I ZESPOŁY EKSTERYTORIALNE;0.6194634615603092;2027
P;"ADMINISTRACJA PUBLICZNA I OBRONA NARODOWA; OBOWIĄZKOWE UBEZPIECZENIA SPOŁECZNE";0.619425940419372;2027
M;DZIAŁALNOŚĆ ZWIĄZANA Z OBSŁUGĄ RYNKU NIERUCHOMOŚCI;0.6117918850535788;2027
H;TRANSPORT I GOSPODARKA MAGAZYNOWA;0.577109920876015;2027
I;DZIAŁALNOŚĆ ZWIĄZANA Z ZAKWATEROWANIEM I USŁUGAMI GASTRONOMICZNYMI;0.5708817764575704;2027
O;DZIAŁALNOŚĆ W ZAKRESIE USŁUG ADMINISTROWANIA I DZIAŁALNOŚĆ WSPIERAJĄCA;0.5430762029619864;2027
C;PRZETWÓRSTWO PRZEMYSŁOWE;0.5355542073554069;2027
D;WYTWARZANIE I ZAOPATRYWANIE W ENERGIĘ ELEKTRYCZNĄ, GAZ, PARĘ WODNĄ I POWIETRZE DO UKŁADÓW KLIMATYZACYJNYCH;0.510856614154082;2027
S;DZIAŁALNOŚĆ ZWIĄZANA Z KULTURĄ, SPORTEM I REKREACJĄ;0.5046182305254441;2027
G;HANDEL HURTOWY I DETALICZNY;0.4818046685544105;2027
N;DZIAŁALNOŚĆ PROFESJONALNA, NAUKOWA I TECHNICZNA;0.410851686408779;2027
B;GÓRNICTWO I WYDOBYWANIE;0.2917934243174038;2027
N;DZIAŁALNOŚĆ PROFESJONALNA, NAUKOWA I TECHNICZNA;0.734765564543375;2028
Q;EDUKACJA;0.4869050530287854;2028
A;ROLNICTWO, LEŚNICTWO I RYBACTWO;0.481347500808364;2028
T;POZOSTAŁA DZIAŁALNOŚĆ USŁUGOWA;0.4569716410615491;2028
E;"DOSTAWA WODY; GOSPODAROWANIE ŚCIEKAMI I ODPADAMI ORAZ DZIAŁALNOŚĆ ZWIĄZANA Z REKULTYWACJĄ";0.4099340772812402;2028
B;GÓRNICTWO I WYDOBYWANIE;0.3916093054730129;2028
J;DZIAŁALNOŚĆ WYDAWNICZA I NADAWCZA ORAZ ZWIĄZANA Z PRODUKCJĄ I DYSTRYBUCJĄ TREŚCI;0.3654879242470483;2028
F;BUDOWNICTWO;0.3594136441306397;2028
H;TRANSPORT I GOSPODARKA MAGAZYNOWA;0.3453998912443169;2028
M;DZIAŁALNOŚĆ ZWIĄZANA Z OBSŁUGĄ RYNKU NIERUCHOMOŚCI;0.3403648316429504;2028
I;DZIAŁALNOŚĆ ZWIĄZANA Z ZAKWATEROWANIEM I USŁUGAMI GASTRONOMICZNYMI;0.3120786279081594;2028
C;PRZETWÓRSTWO PRZEMYSŁOWE;0.2816462561350004;2028
L;DZIAŁALNOŚĆ FINANSOWA I UBEZPIECZENIOWA;0.278985867670616;2028
R;OPIEKA ZDROWOTNA I POMOC SPOŁECZNA;0.2642151760854442;2028
P;"ADMINISTRACJA PUBLICZNA I OBRONA NARODOWA; OBOWIĄZKOWE UBEZPIECZENIA SPOŁECZNE";0.2358458656281166;2028
V;ORGANIZACJE I ZESPOŁY EKSTERYTORIALNE;0.23583076288729;2028
U;GOSPODARSTWA DOMOWE ZATRUDNIAJĄCE PRACOWNIKÓW ORAZ GOSPODARSTWA DOMOWE PRODUKUJĄCE WYROBY I ŚWIADCZĄCE USŁUGI NA WŁASNE POTRZEBY;0.2358155309309712;2028
G;HANDEL HURTOWY I DETALICZNY;0.2311088684096507;2028
D;WYTWARZANIE I ZAOPATRYWANIE W ENERGIĘ ELEKTRYCZNĄ, GAZ, PARĘ WODNĄ I POWIETRZE DO UKŁADÓW KLIMATYZACYJNYCH;0.2231234359608397;2028
O;DZIAŁALNOŚĆ W ZAKRESIE USŁUG ADMINISTROWANIA I DZIAŁALNOŚĆ WSPIERAJĄCA;0.144008573134147;2028
S;DZIAŁALNOŚĆ ZWIĄZANA Z KULTURĄ, SPORTEM I REKREACJĄ;0.1337832109973625;2028
